<?xml version="1.0" encoding="UTF-8"?><MD_Metadata xmlns:xlink="http://www.w3.org/1999/xlink" xmlns:srv="http://www.isotc211.org/2005/srv" xmlns:gts="http://www.isotc211.org/2005/gts" xmlns:xalan="http://xml.apache.org/xalan" xmlns:gco="http://www.isotc211.org/2005/gco" xmlns:gml="http://www.opengis.net/gml" xmlns:xsi="http://www.w3.org/2001/XMLSchema-instance" xmlns="http://www.isotc211.org/2005/gmd">
    <fileIdentifier>
        <gco:CharacterString>1598440657429r720968969867104</gco:CharacterString>
    </fileIdentifier>
    <characterSet>
        <MD_CharacterSetCode codeList="http://www.isotc211.org/2005/resources/Codelist/gmxCodelists.xml#MD_CharacterSetCode" codeListValue="utf8" codeSpace="ISOTC211/19115">utf8</MD_CharacterSetCode>
    </characterSet>
    <hierarchyLevel>
        <MD_ScopeCode codeList="http://www.isotc211.org/2005/resources/Codelist/gmxCodelists.xml#MD_ScopeCode" codeListValue="dataset" codeSpace="ISOTC211/19115">dataset</MD_ScopeCode>
    </hierarchyLevel>
    <hierarchyLevelName>
        <gco:CharacterString>dataset</gco:CharacterString>
    </hierarchyLevelName>
    <contact>
        <CI_ResponsibleParty>
            <role>
                <CI_RoleCode codeList="http://www.isotc211.org/2005/resources/Codelist/gmxCodelists.xml#CI_RoleCode" codeListValue="pointOfContact" codeSpace="ISOTC211/19115">pointOfContact</CI_RoleCode>
            </role>
        </CI_ResponsibleParty>
    </contact>
    <dateStamp>
        <gco:Date>2020-08-26</gco:Date>
    </dateStamp>
    <metadataStandardName>
        <gco:CharacterString>INSPIRE Metadata Implementing Rules: Technical Guidelines based on EN ISO 19115 and EN ISO 19119</gco:CharacterString>
    </metadataStandardName>
    <metadataStandardVersion>
        <gco:CharacterString>V. 1.2</gco:CharacterString>
    </metadataStandardVersion>
    <identificationInfo>
        <MD_DataIdentification>
            <citation>
                <CI_Citation>
                    <title>
                        <gco:CharacterString>Výška budov v Brně l Building Heights in Brno</gco:CharacterString>
                    </title>
                    <date gco:nilReason="missing"/>
                </CI_Citation>
            </citation>
            <abstract>
                <gco:CharacterString>English description below. Polygonová vrstva všech budov v Brně s jejich výškovými parametry. Jedná se o vrstvu RUIAN obohacenou o výšky jednotlivých budov. Změřená výška(atribut vyska_zmerena) zaznačených objektů byla vypočtena na základě rozdílu výšek digitálních modelů DMP1G a DMR5G. Odhadnutá výška(atribut vyska_odhad_pocty_bytu) byla vypočtena na základě počtu bytů jednoho adresního místa. Obdobně byla vypočtena i odhadnutá výška na základě počtu pater(atribut vyska_odhad_pocty_pater).  Způsob využití objektu vycházi z číselníku ČÚZK - Způsoby využití stavebního objektu. Kompletní výška (atribut vyska_kompletni) obsahuje výškový údaj stavebního objektu, u zaznačených objektů změřený u nezaznačených odhadnutý. Pokud bylo možné u některého objektu odhadnout výšku podle více parametrů (např. u objektu byl uveden počet bytů, počet pater i způsob využití), nejvyšší prioritu měla odhadnutá výška podle počtu bytů, potom podle počtu pater a nakonec podle způsobu využití. Data jsou v souřadném systému GCS WGS84 a vznikla v rámci Digitální akademie Czechitas v létě 2020. Aktualizace dat je plánována v nepravidelném intervalu několika let. Pro podrobnější informace navštivte blog.Polygon layer of all buildings in Brno with their height parameters. It is a RUIAN layer enriched with the heights of individual buildings. The measured height (vyska_zmerena attribute) of the objects was calculated as the height difference of the digital models DMP1G and DMR5G. The estimated height by flats (attribute vyska_odhad_pocty_bytu) was calculated based on the number of flats of one address location. Similarly, the estimated height by floors was calculated based on the number of floors (attribute vyska_odhad_pocty_pater). Type of the building is based on the ČÚZK code list. The complete height (attribute vyska_kompletni) contains the height data of the building object, for marked objects measured, for unmarked objects estimated. If it was possible to estimate the height of a building according to several parameters (eg. the number of flats, the number of floors and the method of use was given for the object), the highest priority was the estimated height according to the number of apartments, then according to the number of floors and type of the building. The data is in the GCS WGS84 coordinate system and was create as a part of the Czechitas Digital Academy in the summer of 2020. Data updates are planned at irregular intervals of several years. For more detailed information, please visit the blog.</gco:CharacterString>
            </abstract>
            <purpose>
                <gco:CharacterString>Vrstva</gco:CharacterString>
            </purpose>
            <pointOfContact>
                <CI_ResponsibleParty>
                    <organisationName>
                        <gco:CharacterString>Oddělení dat, analýz a evaluací, Magistrát města Brna</gco:CharacterString>
                    </organisationName>
                    <contactInfo>
                        <CI_Contact>
                            <address>
                                <CI_Address>
                                    <electronicMailAddress>
                                        <gco:CharacterString>data@brno.cz</gco:CharacterString>
                                    </electronicMailAddress>
                                </CI_Address>
                            </address>
                        </CI_Contact>
                    </contactInfo>
                    <role>
                        <CI_RoleCode codeList="http://www.isotc211.org/2005/resources/Codelist/gmxCodelists.xml#CI_RoleCode" codeListValue="pointOfContact" codeSpace="ISOTC211/19115">pointOfContact</CI_RoleCode>
                    </role>
                </CI_ResponsibleParty>
            </pointOfContact>
            <resourceMaintenance>
                <MD_MaintenanceInformation>
                    <maintenanceAndUpdateFrequency>
                        <MD_MaintenanceFrequencyCode codeList="http://www.isotc211.org/2005/resources/Codelist/gmxCodelists.xml#MD_MaintenanceFrequencyCode" codeListValue="irregular" codeSpace="ISOTC211/19115">irregular</MD_MaintenanceFrequencyCode>
                    </maintenanceAndUpdateFrequency>
                </MD_MaintenanceInformation>
            </resourceMaintenance>
            <descriptiveKeywords>
                <MD_Keywords>
                    <keyword>
                        <gco:CharacterString>Budovy</gco:CharacterString>
                    </keyword>
                    <keyword>
                        <gco:CharacterString>podlažnost</gco:CharacterString>
                    </keyword>
                    <keyword>
                        <gco:CharacterString>buildings</gco:CharacterString>
                    </keyword>
                    <keyword>
                        <gco:CharacterString>building heights</gco:CharacterString>
                    </keyword>
                    <keyword>
                        <gco:CharacterString>výška budov</gco:CharacterString>
                    </keyword>
                    <keyword>
                        <gco:CharacterString>architecture</gco:CharacterString>
                    </keyword>
                    <keyword>
                        <gco:CharacterString>architektura</gco:CharacterString>
                    </keyword>
                </MD_Keywords>
            </descriptiveKeywords>
            <descriptiveKeywords>
                <MD_Keywords>
                    <keyword>
                        <gco:CharacterString>Budovy</gco:CharacterString>
                    </keyword>
                    <keyword>
                        <gco:CharacterString>podlažnost</gco:CharacterString>
                    </keyword>
                    <keyword>
                        <gco:CharacterString>buildings</gco:CharacterString>
                    </keyword>
                    <keyword>
                        <gco:CharacterString>building heights</gco:CharacterString>
                    </keyword>
                    <keyword>
                        <gco:CharacterString>výška budov</gco:CharacterString>
                    </keyword>
                    <keyword>
                        <gco:CharacterString>architecture</gco:CharacterString>
                    </keyword>
                    <keyword>
                        <gco:CharacterString>architektura</gco:CharacterString>
                    </keyword>
                </MD_Keywords>
            </descriptiveKeywords>
            <descriptiveKeywords>
                <MD_Keywords>
                    <keyword>
                        <gco:CharacterString>Budovy</gco:CharacterString>
                    </keyword>
                    <keyword>
                        <gco:CharacterString>podlažnost</gco:CharacterString>
                    </keyword>
                    <keyword>
                        <gco:CharacterString>buildings</gco:CharacterString>
                    </keyword>
                    <keyword>
                        <gco:CharacterString>building heights</gco:CharacterString>
                    </keyword>
                    <keyword>
                        <gco:CharacterString>výška budov</gco:CharacterString>
                    </keyword>
                    <keyword>
                        <gco:CharacterString>architecture</gco:CharacterString>
                    </keyword>
                    <keyword>
                        <gco:CharacterString>architektura</gco:CharacterString>
                    </keyword>
                </MD_Keywords>
            </descriptiveKeywords>
            <descriptiveKeywords>
                <MD_Keywords>
                    <keyword>
                        <gco:CharacterString>Budovy</gco:CharacterString>
                    </keyword>
                    <keyword>
                        <gco:CharacterString>podlažnost</gco:CharacterString>
                    </keyword>
                    <keyword>
                        <gco:CharacterString>buildings</gco:CharacterString>
                    </keyword>
                    <keyword>
                        <gco:CharacterString>building heights</gco:CharacterString>
                    </keyword>
                    <keyword>
                        <gco:CharacterString>výška budov</gco:CharacterString>
                    </keyword>
                    <keyword>
                        <gco:CharacterString>architecture</gco:CharacterString>
                    </keyword>
                    <keyword>
                        <gco:CharacterString>architektura</gco:CharacterString>
                    </keyword>
                </MD_Keywords>
            </descriptiveKeywords>
            <descriptiveKeywords>
                <MD_Keywords>
                    <keyword>
                        <gco:CharacterString>Budovy</gco:CharacterString>
                    </keyword>
                    <keyword>
                        <gco:CharacterString>podlažnost</gco:CharacterString>
                    </keyword>
                    <keyword>
                        <gco:CharacterString>buildings</gco:CharacterString>
                    </keyword>
                    <keyword>
                        <gco:CharacterString>building heights</gco:CharacterString>
                    </keyword>
                    <keyword>
                        <gco:CharacterString>výška budov</gco:CharacterString>
                    </keyword>
                    <keyword>
                        <gco:CharacterString>architecture</gco:CharacterString>
                    </keyword>
                    <keyword>
                        <gco:CharacterString>architektura</gco:CharacterString>
                    </keyword>
                </MD_Keywords>
            </descriptiveKeywords>
            <descriptiveKeywords>
                <MD_Keywords>
                    <keyword>
                        <gco:CharacterString>Budovy</gco:CharacterString>
                    </keyword>
                    <keyword>
                        <gco:CharacterString>podlažnost</gco:CharacterString>
                    </keyword>
                    <keyword>
                        <gco:CharacterString>buildings</gco:CharacterString>
                    </keyword>
                    <keyword>
                        <gco:CharacterString>building heights</gco:CharacterString>
                    </keyword>
                    <keyword>
                        <gco:CharacterString>výška budov</gco:CharacterString>
                    </keyword>
                    <keyword>
                        <gco:CharacterString>architecture</gco:CharacterString>
                    </keyword>
                    <keyword>
                        <gco:CharacterString>architektura</gco:CharacterString>
                    </keyword>
                </MD_Keywords>
            </descriptiveKeywords>
            <descriptiveKeywords>
                <MD_Keywords>
                    <keyword>
                        <gco:CharacterString>Budovy</gco:CharacterString>
                    </keyword>
                    <keyword>
                        <gco:CharacterString>podlažnost</gco:CharacterString>
                    </keyword>
                    <keyword>
                        <gco:CharacterString>buildings</gco:CharacterString>
                    </keyword>
                    <keyword>
                        <gco:CharacterString>building heights</gco:CharacterString>
                    </keyword>
                    <keyword>
                        <gco:CharacterString>výška budov</gco:CharacterString>
                    </keyword>
                    <keyword>
                        <gco:CharacterString>architecture</gco:CharacterString>
                    </keyword>
                    <keyword>
                        <gco:CharacterString>architektura</gco:CharacterString>
                    </keyword>
                </MD_Keywords>
            </descriptiveKeywords>
            <resourceConstraints>
                <MD_Constraints>
                    <useLimitation>
                        <gco:CharacterString>CC BY</gco:CharacterString>
                    </useLimitation>
                </MD_Constraints>
            </resourceConstraints>
            <resourceConstraints>
                <MD_LegalConstraints>
                    <otherConstraints>
                        <gco:CharacterString>no limitations on public access</gco:CharacterString>
                    </otherConstraints>
                </MD_LegalConstraints>
            </resourceConstraints>
            <language gco:nilReason="missing"/>
            <characterSet>
                <MD_CharacterSetCode codeList="http://www.isotc211.org/2005/resources/Codelist/gmxCodelists.xml#MD_CharacterSetCode" codeListValue="utf8" codeSpace="ISOTC211/19115">utf8</MD_CharacterSetCode>
            </characterSet>
            <extent>
                <EX_Extent>
                    <geographicElement>
                        <EX_GeographicDescription>
                            <geographicIdentifier>
                                <MD_Identifier>
                                    <code>
                                        <gco:CharacterString>582786</gco:CharacterString>
                                    </code>
                                </MD_Identifier>
                            </geographicIdentifier>
                        </EX_GeographicDescription>
                    </geographicElement>
                </EX_Extent>
            </extent>
        </MD_DataIdentification>
    </identificationInfo>
</MD_Metadata>
